{
  "index.html": 1713847082482,
  "controller/Home.controller.js": 1714652008940,
  "model/models.js": 1713847082482,
  "manifest.json": 1714971378947,
  "controller/Details.controller.js": 1714716324997,
  "controller/BaseController.js": 1714716320409,
  "controller/App.controller.js": 1713847082482,
  "Component.js": 1714020282360,
  "Component-preload.js": 1714971379323,
  "model/models-dbg.js": 1713847082482,
  "controller/Home-dbg.controller.js": 1714652008940,
  "controller/Details-dbg.controller.js": 1714716324997,
  "controller/BaseController-dbg.js": 1714716320409,
  "controller/App-dbg.controller.js": 1713847082482,
  "Component-dbg.js": 1714020282360,
  "view/Home.view.xml": 1714652022884,
  "view/Details.view.xml": 1714716313441,
  "view/App.view.xml": 1713847082482,
  "fragments/Salary.fragment.xml": 1714128244293,
  "fragments/GeneralInformation.fragment.xml": 1714058205582,
  "fragments/Designation.fragment.xml": 1714134264538,
  "fragments/Department.fragment.xml": 1714130645943,
  "fragments/CreateEmployeeDialog.fragment.xml": 1714716339237,
  "fragments/Address.fragment.xml": 1714057961053,
  "css/style.css": 1713847082482,
  "i18n/i18n.properties": 1713847082482
}